{
    "mape": 0.02797166019685253,
    "mae": 1.785930107647912,
    "mse": 4.925087301041769,
    "rmse": 2.219253771212695,
    "r2": 0.9753373471824586
}