{
    "mape": 0.05269520464784748,
    "mae": 3.1861418877779677,
    "mse": 18.718465494727386,
    "rmse": 4.326484195594315,
    "r2": 0.9062662268593813
}