{
    "mape": 0.04011996028015441,
    "mae": 2.5023629444198927,
    "mse": 9.878699755505567,
    "rmse": 3.1430398908549613,
    "r2": 0.9505318530481214
}